ako,I,subj
ako,me,obj
ikaw,you,subj
ikaw,you,obj
ka,you,subj
siya,he,subj
siya,him,obj
sya,he,subj
sya,him,obj
ko,I,subj
ko,mine,pos
mo,you,subj
mo,yours,pos
niya,he,subj
niya,him,pos
nya,he,subj
nya,him,pos
kita,I,subj
kami,we,subj
tayo,we,subj
kayo,you,subj
sila,they,subj
sila,them,obj
nila,they,subj
nila,them,pos
namin,we,subj
namin,ours,pos
natin,we,subj
natin,ours,pos
ninyo,you,subj
ninyo,yours,pos
akin,me,obj
akin,my,pos
iyo,you,obj
iyo,your,pos
kanya,him,obj
kanya,his,pos
amin,us,obj
amin,our,pos
atin,us,obj
atin,our,pos
inyo,you,obj
inyo,your,obj
kaniya,his,pos
kanya,his,pos
kanila,them,obj
kanila,their,pos